{
    "loss": 0.18797582387924194,
    "accuracy": 0.9615384340286255
}